{"cameraMode":{"drawMode":0,"name":"Shaded","section":"Shading Mode"},"sceneLighting":false,"audioPlay":false,"sceneViewState":{"showFog":true,"showMaterialUpdate":true,"showSkybox":false,"showFlares":true,"showImageEffects":true,"showParticleSystems":true},"in2DMode":false,"pivot":{"x":6.039999961853027,"y":1.2599999904632569,"z":0.03999999910593033},"rotation":{"x":-0.06554146856069565,"y":0.05803807079792023,"z":-0.0038186581805348398,"w":-0.9961711168289185},"size":0.000017335431039100513,"orthographic":true}