{"cameraMode":{"drawMode":0,"name":"Shaded","section":"Shading Mode"},"sceneLighting":true,"audioPlay":false,"sceneViewState":{"showFog":true,"showMaterialUpdate":true,"showSkybox":true,"showFlares":true,"showImageEffects":true,"showParticleSystems":true},"in2DMode":false,"pivot":{"x":0.3005560636520386,"y":2.350945472717285,"z":0.5214532017707825},"rotation":{"x":-0.025798557326197625,"y":0.7702402472496033,"z":-0.031203698366880418,"w":-0.6364874243736267},"size":8.583120346069336,"orthographic":true}