{"cameraMode":{"drawMode":0,"name":"Shaded","section":"Shading Mode"},"sceneLighting":true,"audioPlay":false,"sceneViewState":{"showFog":true,"showMaterialUpdate":true,"showSkybox":true,"showFlares":true,"showImageEffects":true,"showParticleSystems":true},"in2DMode":false,"pivot":{"x":4.350413799285889,"y":3.0566391944885256,"z":4.434481620788574},"rotation":{"x":0.17517487704753877,"y":-0.2551913261413574,"z":0.04706934839487076,"w":0.9497249722480774},"size":22.52547836303711,"orthographic":true}