{"cameraMode":{"drawMode":0,"name":"Shaded","section":"Shading Mode"},"sceneLighting":true,"audioPlay":false,"sceneViewState":{"showFog":true,"showMaterialUpdate":true,"showSkybox":true,"showFlares":true,"showImageEffects":true,"showParticleSystems":true},"in2DMode":false,"pivot":{"x":-0.003261089324951172,"y":0.47892236709594729,"z":0.002460479736328125},"rotation":{"x":-0.19581396877765656,"y":0.4203871488571167,"z":-0.09343795478343964,"w":-0.8810505867004395},"size":10.87907600402832,"orthographic":true}